id;program_id;program_name
1;3735b3fb-b0bb-4a5a-9115-12d24ae39baf;synergies haptic
2;313aeefc-4207-4bce-8d47-be23a8c491c4;Macao
3;9e6779fc-2447-458b-adc7-d9d8c94d1c0e;Bicicleta
4;2bc649d9-59ab-4a39-9649-af294b8c9cae;Puerta hardware
5;4189c9a8-7e65-424a-b054-c0ba99c328bc;Consultor overriding payment
6;b75be7e9-cfd6-449d-8c5b-cdfc65c9f22e;Plástico Funcionario Afganistán
7;c169a35f-6b6b-40ec-b659-3eb94514b17c;Canarias THX
8;57e6b50e-84fb-4ed7-bd9a-af1bf110f92f;Verde
9;075f0c73-93c6-4f85-986c-3251629e5745;Interno
10;5f43eaf1-7d49-46da-9668-dcfc05254627;Bedfordshire Silla interfaces
